1, 1.5, 3.5, 7.0
, 2, 1.5, 2.0, 8.5
, 3, 3.0, 2.0, 7.0
, 4, 3.0, 2.0, 8.0
, 5, 3.0, 2.0, 8.0
, 6, 3.0, 2.0, 8.0
, 7, 3.0, 1.5, 8.5
, 8, 1.5, 1.5, 10.0
, 9, 3.0, 1.5, 7.5
, 10, 3.0, 2.0, 7.0
, 11, 3.0, 2.0, 7.0
, 12, 3.0, 2.0, 7.0
, 13, 1.5, 1.5, 9.0
, 14, 3.0, 2.0, 8.0
, 15, 3.0, 1.0, 9.0
, 16, 3.0, 1.0, 9.0
, 17, 1.5, 4.5, 7.0
, 18, 3.0, 2.0, 8.0
, 19, 1.5, 2.0, 9.5
, 20, 3.0, 1.5, 8.5
, 21, 3.0, 1.5, 8.5
, 22, 3.0, 1.5, 8.5
, 23, 1.5, 4.5, 7.0
, 24, 1.5, 4.5, 7.0
, 25, 1.5, 4.5, 7.0
, 26, 1.5, 4.5, 7.0
, 27, 2.5, 1.0, 9.5
, 28, 1.0, 1.0, 8.0
, 29, 0.5, 9.5
, 30, 1.0, 3.5, 8.5
, 31, 1.0, 1.5, 10.5
, 32, 1.0, 5.0, 7.0
, 33, 2.5, 0.5, 9.0
, 34, 1.0, 2.0, 9.0
, 35, 1.0, 1.5, 10.5
, 36, 1.0, 3.5, 8.5
, 37, 1.0, 5.0, 7.0
, 38, 1.0, 2.5, 9.5
, 39, 1.0, 3.5, 10.5
, 40, 1.0, 4.0, 8.0
, 41, 1.0, 5.0, 7.0
, 42, 1.0, 5.0, 7.0
, 43, 1.0, 5.0, 7.0
, 44, 1.0, 5.0, 7.0
, 45, 1.0, 2.5, 9.5
, 46, 1.0, 3.5, 8.5
, 47, 1.0, 3.5, 8.5
, 48, 1.0, 5.0, 7.0
, 49, 1.0, 6.5, 5.5
, 50, 1.0, 2.5, 9.5
, 51, 1.0, 5.0, 7.0
, 52, 1.0, 3.5, 8.5
, 53, 1.0, 2.5, 9.5
, 54, 1.0, 3.5, 8.5
, 55, 1.0, 5.0, 7.0
, 56, 0.5, 2.5, 9.0
, 57, 1.0, 5.0, 7.0
, 58, 0.5, 2.5, 9.0
, 59, 1.0, 2.0, 10.0
, 60, 1.0, 2.5, 9.5
, 61, 3.0, 5.0, 5.0
, 62, 1.0, 2.5, 9.5
, 63, 1.0, 5.5, 6.5
, 64, 0.5, 2.5, 10.0
, 65, 1.0, 4.0, 8.0
, 66, 3.0, 1.5, 7.5
, 67, 2.0, 1.5, 8.5
, 68, 3.0, 2.0, 10.0
, 69, 3.0, 2.0, 8.0
, 70, 3.0, 3.0, 7.0
, 71, 2.0, 4.0, 6.0
, 72, 2.0, 4.0, 6.0
, 73, 3.0, 2.0, 8.0
, 74, 2.0, 3.0, 8.0
, 75, 2.0, 1.5, 6.5
, 76, 3.0, 2.0, 7.0
, 77, 1.5, 5.0, 5.5
, 78, 4.5, 2.0, 5.5
, 79, 1.5, 4.5, 7.0
, 80, 1.0, 5.0, 7.0
, 81, 1.0, 2.5, 9.5
, 82, 1.0, 2.5, 9.5
, 83, 1.0, 1.5, 10.5
, 84, 1.0, 5.0, 6.0
, 85, 1.0, 1.5, 10.5
, 86, 1.5, 4.5, 6.0
, 87, 1.5, 5.0, 5.5
, 88, 1.0, 5.0, 7.0
, 89, 1.0, 2.5, 9.5
, 90, 1.0, 3.5, 8.5
, 91, 1.0, 5.0, 7.0
, 92, 1.0, 5.0, 7.0
, 93, 1.0, 5.0, 7.0
, 94, 1.0, 5.0, 6.0
, 95, 1.0, 6.0, 5.0
, 96, 1.0, 3.5, 8.5
, 97, 1.0, 3.5, 8.5
, 98, 3.0, 2.0, 8.0
, 99, 3.0, 0.5, 8.5
, 100, 3.0, 1.5, 8.5
, 101, 3.0, 3.0, 7.0
, 102, 3.0, 1.5, 7.5
, 103, 3.0, 2.0, 7.0
, 104, 3.0, 3.5, 5.5
, 105, 3.0, 2.0, 7.0
, 106, 3.0, 1.5, 7.5
, 107, 3.5, 6.5, 2.0
, 108, 3.0, 1.5, 8.5
, 109, 3.0, 3.0, 6.0
, 110, 3.0, 2.5, 9.5
, 111, 3.0, 2.0, 7.0
, 112, 3.0, 2.0, 7.0
, 113, 3.0, 2.0, 7.0
, 114, 3.0, 2.0, 8.0
, 115, 3.0, 2.0, 8.0
, 116, 1.5, 4.0, 7.5
, 117, 1.5, 4.5, 6.0
, 118, 3.0, 2.0, 7.0
, 119, 1.5, 3.5, 8.0
, 120, 2.5, 1.0, 9.5
, 121, 3.0, 2.0, 7.0
, 122, 3.0, 3.0, 6.0
, 123, 3.0, 1.5, 7.5
, 124, 3.0, 2.0, 5.0
, 125, 3.0, 1.5, 7.5
, 126, 3.0, 3.5, 5.5
, 127, 3.0, 1.0, 8.0
, 128, 3.0, 2.0, 5.0
, 129, 3.0, 1.5, 7.5
, 130, 3.0, 2.0, 7.0
, 131, 1.0, 3.5, 8.5
, 132, 3.0, 2.0, 6.0
, 133, 3.0, 0.5, 8.5
, 134, 3.0, 0.5, 8.5
, 135, 3.0, 1.5, 7.5
, 136, 3.0, 3.5, 3.5
, 137, 3.0, 3.5, 4.5
, 138, 3.0, 3.0, 4.0
, 139, 1.5, 3.5, 6.0
, 140, 3.0, 3.0, 5.0
, 141, 3.0, 3.0, 4.0
, 142, 3.0, 0.5, 9.5
, 143, 3.0, 3.0, 4.0
, 144, 3.0, 3.0, 4.0
, 145, 3.0, 3.0, 4.0
, 146, 3.0, 1.5, 7.5
, 147, 3.0, 3.0, 4.0
, 148, 1.0, 2.5, 9.5
, 149, 1.0, 3.0, 9.0
, 150, 1.0, 3.0, 9.0
, 151, 1.0, 3.0, 9.0
, 152, 1.0, 3.0, 9.0
, 153, 1.0, 5.0, 6.0
, 154, 1.0, 2.5, 8.5
, 155, 1.0, 5.0, 6.0
, 156, 1.0, 3.5, 8.5
, 157, 1.0, 2.5, 9.5
, 158, 1.0, 5.0, 6.0
, 159, 1.0, 4.0, 7.0
, 160, 1.0, 2.5, 8.5
, 161, 3.0, 2.0, 5.0
, 162, 1.0, 4.0, 8.0
, 163, 1.0, 5.0, 6.0
, 164, 1.0, 5.0, 6.0
, 165, 1.0, 3.0, 8.0
, 166, 1.0, 5.0, 6.0
, 167, 1.0, 4.0, 7.0
, 168, 1.0, 4.0, 7.0
, 169, 1.0, 4.0, 7.0
, 170, 1.0, 2.0, 9.0
, 171, 1.0, 2.0, 9.0
, 172, 1.0, 3.5, 7.5
, 173, 1.0, 3.5, 7.5
, 174, 1.0, 5.0, 6.0
, 175, 1.0, 4.0, 7.0
, 176, 1.0, 4.0, 7.0
, 177, 1.0, 3.5, 7.5
, 178, 1.0, 4.0, 7.0
, 179, 1.0, 2.5, 8.5
, 180, 2.5, 0.5, 7.5
, 181, 1.0, 4.0, 8.0
, 182, 1.0, 3.0, 9.0
, 183, 1.0, 2.5, 9.5
, 184, 1.0, 3.5, 8.5
, 185, 1.0, 3.0, 9.0
, 186, 3.0, 2.0, 7.0
, 187, 3.0, 2.0, 7.0
, 188, 3.0, 3.0, 6.0
, 189, 1.0, 2.0, 10.0
, 190, 1.0, 2.0, 9.0
, 191, 3.0, 1.5, 8.5
, 192, 2.0, 4.5, 6.5
, 193, 2.0, 2.5, 7.5
, 194, 3.0, 2.5, 6.5
, 195, 2.0, 1.5, 8.5
, 196, 3.0, 2.0, 8.0
, 197, 3.0, 3.0, 7.0
, 198, 3.0, 3.0, 6.0
, 199, 3.0, 3.5, 6.5
, 200, 2.5, 1.5, 8.0
, 201, 3.0, 0.5, 9.5
, 202, 3.0, 3.0, 6.0
, 203, 3.0, 3.0, 6.0
, 204, 3.0, 3.0, 7.0
, 205, 3.0, 3.0, 6.0
, 206, 3.0, 1.5, 8.5
, 207, 3.0, 0.5, 9.5
, 208, 3.0, 1.5, 8.5
, 209, 3.0, 2.0, 7.0
, 210, 3.0, 3.0, 7.0
, 211, 3.0, 3.0, 7.0
, 212, 3.0, 3.5, 5.5
, 213, 3.0, 2.0, 8.0
, 214, 3.0, 2.0, 7.0
, 215, 3.0, 2.0, 8.0
, 216, 3.0, 1.5, 9.0
, 217, 3.0, 2.0, 10.0
, 218, 3.0, 0.5, 8.5
, 219, 3.0, 3.5, 6.5
, 220, 3.0, 3.0, 6.0
, 221, 1.0, 3.5, 7.5
, 222, 0.5, 4.0, 8.5
, 223, 3.0, 2.0, 7.0
, 224, 3.0, 3.0, 6.0
, 225, 3.0, 1.0, 8.0
, 226, 3.0, 1.0, 8.0
, 227, 3.0, 2.0, 9.0
, 228, 2.5, 0.5, 9.0
, 229, 1.0, 3.5, 8.5
, 230, 1.0, 3.5, 8.5
, 231, 3.0, 1.5, 5.5
, 232, 3.0, 0.5, 9.5
, 233, 2.5, 1.0, 6.5
, 234, 2.5, 1.0, 10.0
, 235, 3.0, 3.0, 7.0
, 236, 3.0, 1.5, 7.5
, 237, 3.0, 3.0, 5.0
, 238, 3.0, 1.5, 7.5
, 239, 3.0, 1.5, 5.5
, 240, 3.0, 2.0, 7.0
, 241, 3.0, 2.0, 7.0
, 242, 2.5, 1.0, 8.5
, 243, 3.0, 1.0, 6.0
, 244, 3.0, 1.5, 8.5
, 245, 3.0, 1.5, 5.5
, 246, 3.0, 3.0, 6.0
, 247, 3.0, 1.5, 8.5
, 248, 3.0, 2.0, 5.0
, 249, 3.0, 2.0, 7.0
, 250, 3.0, 2.0, 7.0
, 251, 2.0, 3.0, 7.0
, 252, 3.0, 1.0, 6.5
, 253, 3.0, 1.5, 5.5
, 254, 1.5, 3.5, 9.0
, 255, 3.0, 1.5, 5.5
, 256, 3.0, 0.5, 6.5
, 257, 3.0, 3.0, 6.0
, 258, 3.0, 1.5, 5.5
, 259, 3.0, 0.5, 6.5
, 260, 3.0, 2.0, 5.0
, 261, 2.5, 1.0, 6.5
, 262, 3.0, 2.0, 5.0
, 263, 2.5, 0.5, 7.0
, 264, 3.0, 1.5, 5.5
, 265, 3.0, 1.5, 5.5
, 266, 3.0, 1.5, 5.5
, 267, 3.0, 2.0, 7.0
, 268, 3.0, 0.5, 8.5
, 269, 1.0, 5.0, 7.0
, 270, 3.0, 2.0, 5.0
, 271, 3.0, 1.5, 5.5
, 272, 3.0, 2.0, 5.0
, 273, 3.0, 1.0, 6.0
, 274, 3.0, 1.0, 9.0
, 275, 3.0, 2.0, 7.0
, 276, 3.0, 2.0, 7.0
, 277, 2.5, 2.0, 5.5
, 278, 3.0, 1.5, 7.5
, 279, 3.0, 4.5, 4.5
, 280, 3.0, 2.0, 7.0
, 281, 3.0, 1.5, 5.5
, 282, 3.0, 2.0, 5.0
, 283, 3.0, 1.5, 7.5
, 284, 1.0, 5.0, 6.0
, 285, 1.0, 4.0, 7.0
, 286, 1.0, 1.5, 9.5
, 287, 3.0, 3.0, 6.0
, 288, 1.0, 3.5, 8.5
, 289, 1.0, 3.5, 8.5
, 290, 1.0, 3.5, 8.5
, 291, 2.0, 2.5, 7.5
, 292, 1.0, 1.0, 10.0
, 293, 1.0, 2.0, 10.0
, 294, 1.0, 3.5, 8.5
, 295, 1.0, 5.5, 6.5
, 296, 3.0, 1.5, 8.5
, 297, 3.0, 1.0, 6.5
, 298, 3.0, 2.0, 7.0
, 299, 3.0, 1.5, 8.0
, 300, 3.0, 2.0, 7.0
, 301, 1.0, 4.0, 7.0
, 302, 3.0, 1.0, 7.5
, 303, 3.0, 1.5, 7.5
, 304, 3.0, 1.0, 6.0
, 305, 1.0, 4.0, 7.0
, 306, 3.0, 3.0, 7.0
, 307, 3.0, 3.0, 7.0
, 308, 3.0, 1.5, 5.5
, 309, 3.0, 3.0, 7.0
, 310, 3.0, 0.5, 8.5
, 311, 3.0, 1.0, 8.0
, 312, 3.0, 1.5, 8.5
, 313, 3.0, 2.0, 8.0
, 314, 3.0, 2.0, 8.0
, 315, 3.0, 3.0, 7.0
, 316, 3.0, 1.5, 7.5
, 317, 2.5, 2.0, 5.5
, 318, 3.0, 1.5, 8.5
, 319, 3.0, 0.5, 9.5
, 320, 3.0, 1.5, 7.5
, 321, 3.0, 1.5, 5.5
, 322, 3.0, 3.0, 7.0
, 323, 3.0, 4.5, 5.5
, 324, 3.0, 1.5, 8.5
, 325, 3.0, 1.5, 7.0
, 326, 1.0, 1.5, 10.5
, 327, 1.0, 1.5, 10.5
, 328, 1.0, 1.5, 10.5
, 329, 0.5, 5.5, 7.0
, 330, 1.0, 2.0, 10.0
, 331, 1.0, 5.5, 6.5
, 332, 1.0, 5.0, 7.0
, 333, 1.0, 4.0, 8.0
, 334, 3.0, 1.5, 5.5
, 335, 1.0, 5.5, 6.5
, 336, 0.5, 4.5, 7.0
, 337, 1.0, 3.5, 8.5
, 338, 1.0, 6.5, 5.5
, 339, 3.0, 4.5, 5.5
, 340, 1.5, 3.0, 8.5
, 341, 3.0, 1.0, 6.0
, 342, 3.0, 3.5, 6.5
, 343, 1.5, 4.5, 7.0
, 344, 3.0, 3.0, 7.0
, 345, 3.0, 1.0, 6.0
, 346, 1.0, 3.5, 7.5
, 347, 3.0, 0.5, 9.5
, 348, 3.0, 3.0, 6.0
, 349, 3.0, 1.5, 7.5
, 350, 3.0, 3.0, 7.0
, 351, 3.0, 0.5, 9.5
, 352, 3.0, 1.5, 8.5
, 353, 3.0, 1.0, 5.0
, 354, 3.0, 1.5, 8.5
, 355, 3.0, 1.5, 8.5
, 356, 3.0, 1.5, 7.5
, 357, 3.0, 1.5, 8.5
, 358, 3.0, 0.5, 9.5
, 359, 3.0, 3.5, 6.5
, 360, 3.0, 2.0, 8.0
, 361, 3.0, 0.5, 9.5
, 362, 3.0, 2.0, 8.0
, 363, 1.0, 3.5, 8.5
, 364, 1.0, 3.5, 8.5
, 365, 1.0, 4.0, 7.0
, 366, 1.0, 1.5, 10.5
, 367, 1.0, 3.5, 7.5
, 368, 3.0, 1.5, 8.5
, 369, 3.0, 2.0, 7.0
, 370, 3.0, 3.0, 7.0
, 371, 3.0, 3.0, 6.0
, 372, 1.0, 3.5, 8.5
, 373, 3.0, 2.0, 7.0
, 374, 2.0, 1.0, 10.0
, 375, 3.0, 3.0, 6.0
, 376, 1.0, 4.0, 8.0
, 377, 1.0, 1.0, 11.0
, 378, 1.0, 4.0, 9.0
, 379, 1.0, 3.0, 9.0
, 380, 1.0, 4.0, 7.0
, 381, 1.0, 1.5, 10.5
, 382, 1.0, 3.5, 9.0
, 383, 1.0, 4.0, 7.0
, 384, 1.0, 4.0, 7.0
, 385, 1.0, 1.0, 11.0
, 386, 1.0, 4.0, 8.0
, 387, 1.0, 4.0, 7.0
, 388, 1.0, 4.0, 8.0
, 389, 1.0, 5.0, 6.0
, 390, 3.0, 3.0, 4.0
, 391, 1.0, 4.0, 8.0
, 392, 1.0, 5.0, 6.0
, 393, 3.0, 0.5, 6.5
, 394, 3.0, 0.5, 6.5
, 395, 3.0, 0.5, 6.5
, 396, 3.0, 2.0, 5.0
, 397, 3.0, 3.0, 4.0
, 398, 3.0, 2.0, 5.0
, 399, 3.0, 1.5, 8.5
, 400, 3.0, 1.5, 8.5
, 401, 3.0, 0.5, 9.5
, 402, 3.0, 0.5, 6.5
, 403, 3.0, 0.5, 6.5
, 404, 3.0, 0.5, 6.5
, 405, 3.0, 3.0, 7.0
, 406, 3.0, 0.5, 6.5
, 407, 3.0, 3.0, 7.0
, 408, 3.0, 2.0, 7.0
, 409, 2.5, 2.5, 8.0
, 410, 3.0, 2.0, 5.0
, 411, 2.5, 3.5, 7.0
, 412, 3.0, 2.0, 8.0
, 413, 3.0, 0.5, 9.5
, 414, 3.0, 1.0, 6.0
, 415, 3.0, 2.0, 5.0
, 416, 3.0, 0.5, 6.5
, 417, 2.0, 5.5, 4.5
, 418, 3.0, 0.5, 7.5
, 419, 1.0, 5.0, 6.0
, 420, 1.0, 2.0, 10.0
, 421, 3.0, 1.5, 5.5
, 422, 1.0, 5.0, 6.0
, 423, 1.0, 5.0, 6.0
, 424, 1.0, 4.0, 5.0
, 425, 1.0, 2.0, 9.0
, 426, 1.0, 1.0, 8.0
, 427, 1.0, 4.0, 7.0
, 428, 1.0, 5.5, 6.5
, 429, 1.0, 1.0, 11.0
, 430, 1.0, 4.0, 7.0
, 431, 1.0, 4.0, 8.0
, 432, 1.0, 5.0, 7.0
, 433, 1.0, 5.0, 6.0
, 434, 1.0, 4.0, 5.0
, 435, 1.0, 3.0, 7.0
, 436, 0.5, 4.5, 8.0
, 437, 1.0, 5.0, 6.0
, 438, 1.0, 5.0, 6.0
, 439, 1.0, 5.0, 7.0
, 440, 1.0, 4.0, 8.0
, 441, 1.0, 4.0, 8.0
, 442, 1.0, 2.5, 9.5
, 443, 1.0, 3.0, 8.0
, 444, 1.0, 4.0, 7.0
, 445, 1.0, 4.0, 8.0
, 446, 1.0, 10.0, 2.0
, 447, 1.0, 6.5, 4.5
, 448, 1.0, 4.0, 7.0
, 449, 2.5, 1.0, 8.5
, 450, 3.0, 2.0, 7.0
, 451, 3.0, 1.5, 7.5
, 452, 2.5, 1.5, 6.0
, 453, 2.5, 2.0, 5.5
, 454, 3.0, 2.0, 7.0
, 455, 3.0, 1.0, 8.0
, 456, 3.0, 2.0, 7.0
, 457, 3.0, 1.5, 5.5
, 458, 2.0, 3.0, 8.0
, 459, 1.0, 5.5, 6.5
, 460, 1.0, 1.0, 10.0
, 461, 1.0, 3.5, 8.5
, 462, 1.0, 4.0, 7.0
, 463, 3.0, 0.5, 9.5
, 464, 3.0, 1.5, 7.5
, 465, 3.0, 0.5, 6.5
, 466, 3.0, 2.0, 4.0
, 467, 1.0, 4.0, 6.0
, 468, 3.0, 2.0, 7.0
, 469, 3.0, 2.0, 6.0
, 470, 2.5, 2.5, 8.0
, 471, 3.0, 0.5, 8.5
, 472, 1.0, 1.5, 9.5
, 473, 3.0, 1.5, 5.5
, 474, 3.0, 2.0, 5.0
, 475, 3.0, 2.0, 5.0
, 476, 3.0, 2.0, 5.0
, 477, 2.5, 1.5, 6.0
, 478, 3.0, 3.5, 5.5
, 479, 2.5, 2.5, 8.0
, 480, 3.0, 2.0, 5.0
, 481, 2.5, 2.5, 8.0
, 482, 3.0, 1.0, 6.0
, 483, 2.5, 2.0, 8.5
, 484, 3.0, 1.5, 5.5
, 485, 3.0, 2.0, 5.0
, 486, 3.0, 2.0, 5.0
, 487, 2.5, 2.5, 8.0
, 488, 3.0, 2.0, 5.0
, 489, 3.0, 2.0, 5.0
, 490, 3.0, 2.0, 5.0
, 491, 3.0, 1.5, 5.5
, 492, 3.0, 1.5, 5.5
, 493, 3.0, 1.5, 5.5
, 494, 3.0, 1.5, 5.5
, 495, 2.5, 2.0, 8.5
, 496, 2.5, 2.0, 8.5
, 497, 3.0, 3.0, 4.0
, 498, 2.5, 1.5, 6.0
, 499, 1.5, 3.0, 5.5
, 500, 1.0, 5.0, 5.0
, 501, 1.0, 2.0, 10.0
, 502, 1.0, 5.0, 5.0
, 503, 1.0, 5.0, 6.0
, 504, 0.5, 4.5, 8.0
, 505, 1.0, 5.0, 6.0
, 506, 1.0, 3.5, 8.5
, 507, 1.0, 5.0, 7.0
, 508, 1.0, 3.5, 6.5
, 509, 1.0, 4.0, 6.0
, 510, 1.0, 4.0, 7.0
, 511, 1.0, 2.0, 9.0
, 512, 1.0, 1.0, 11.0
, 513, 1.0, 5.0, 7.0
, 514, 1.0, 3.5, 8.5
, 515, 1.0, 5.5, 6.5
, 516, 1.0, 1.5, 7.5
, 517, 1.0, 1.5, 10.5
, 518, 1.0, 1.5, 10.5
, 519, 2.5, 2.5, 8.0
, 520, 1.0, 1.5, 8.5
, 521, 1.0, 1.5, 10.5
, 522, 1.0, 1.5, 8.5
, 523, 1.0, 1.5, 8.5
, 524, 1.0, 1.5, 8.5
, 525, 4.5, 3.5, 3.0
, 526, 3.0, 0.5
, 527, 1.0, 5.0, 7.0
, 528, 1.0, 5.0, 7.0
, 529, 1.0, 1.5, 9.5
, 530, 1.0, 2.5, 8.5
, 531, 1.0, 5.5, 5.5
, 532, 1.0, 5.5, 5.5
, 533, 1.0, 1.0, 8.0
, 534, 1.0, 5.0, 6.0
, 535, 0.5, 0.5, 11.0
, 536, 1.0, 5.5, 5.5
, 537, 1.0, 2.5, 6.5
, 538, 1.0, 5.0, 7.0
, 539, 1.0, 5.0, 7.0
, 540, 1.0, 5.0, 7.0
, 541, 1.0, 5.0, 7.0
, 542, 1.0, 5.0, 7.0
, 543, 1.0, 3.5, 8.5
, 544, 1.0, 3.5, 8.5
, 545, 1.0, 1.5, 9.5
, 546, 1.0, 4.0, 8.0
, 547, 1.0, 4.0, 8.0
, 548, 3.0, 2.0, 7.0
, 549, 3.0, 2.0, 7.0
, 550, 1.0, 2.5, 8.5
, 551, 1.0, 0.5, 10.5
, 552, 1.0, 1.5, 10.5
, 553, 0.5, 9.5
, 554, 1.0, 5.5, 5.5
, 555, 1.0, 1.0, 10.0
, 556, 1.0, 5.0, 7.0
, 557, 1.0, 5.0, 7.0
, 558, 1.0, 3.5, 8.5
, 559, 1.0, 3.5, 8.5
, 560, 2.0, 4.0, 6.0
, 561, 2.0, 4.0, 6.0
, 562, 2.0, 8.0
, 563, 1.0, 3.5, 8.5
, 564, 1.0, 5.0, 6.0
, 565, 3.0, 2.0, 7.0
, 566, 2.0, 4.0, 6.0
, 567, 1.0, 4.0, 8.0
, 568, 3.0, 2.0, 7.0
, 569, 2.0, 4.0, 6.0
, 570, 1.0, 5.0, 7.0
, 571, 1.0, 2.0, 10.0
, 572, 1.0, 6.5, 4.5
, 573, 2.5, 1.0, 9.5
, 574, 1.0, 5.0, 7.0
, 575, 1.0, 5.0, 6.0
, 576, 1.0, 1.0, 10.0
, 577, 1.0, 1.5, 10.5
, 578, 1.0, 1.5, 9.5
, 579, 1.0, 1.5, 10.5
, 580, 1.0, 5.5, 5.5
, 581, 1.0, 5.5, 5.5
, 582, 1.0, 4.0, 7.0
, 583, 1.0, 5.0, 7.0
, 584, 1.0, 4.0, 7.0
, 585, 1.0, 2.0, 10.0
, 586, 1.0, 5.0, 7.0
, 587, 1.0, 2.5, 6.5
, 588, 1.0, 2.5, 9.5
, 589, 1.0, 4.0, 5.0
, 590, 1.0, 1.0, 12.0
, 591, 1.0, 2.0, 10.0
, 592, 1.0, 2.5, 8.5
, 593, 1.0, 3.0, 11.0
, 594, 1.0, 3.0, 11.0
, 595, 1.0, 5.0, 6.0
, 596, 1.0, 5.5, 5.5
, 597, 1.0, 5.5, 5.5
, 598, 1.0, 2.5, 8.5
, 599, 1.0, 5.5, 5.5
, 600, 1.0, 1.5, 9.5
, 601, 1.0, 1.5, 9.5
, 602, 1.0, 5.5, 5.5
, 603, 1.0, 1.5, 9.5
, 604, 1.0, 2.5, 8.5
, 605, 1.0, 1.0, 8.0
, 606, 1.0, 5.5, 5.5
, 607, 1.0, 5.0, 6.0
, 608, 1.0, 1.5, 9.5
, 609, 1.0, 1.5, 9.5
, 610, 1.5, 4.5, 7.0
, 611, 1.0, 5.0, 7.0
, 612, 1.0, 2.5, 9.5
, 613, 3.0, 2.0, 7.0
, 614, 1.0, 3.0, 6.0
, 615, 1.0, 2.5, 6.5
, 616, 0.5, 9.5
, 617, 1.0, 5.0, 6.0
, 618, 1.0, 5.5, 5.5
, 619, 1.0, 2.0, 9.0
, 620, 1.0, 4.0, 7.0
, 621, 1.0, 4.0, 7.0
, 622, 1.0, 4.0, 7.0
, 623, 1.0, 5.5, 5.5
, 624, 1.0, 5.5, 5.5
, 625, 1.0, 5.0, 7.0
, 626, 1.0, 3.5, 11.5
, 627, 1.0, 2.5, 11.5
, 628, 1.0, 3.5, 10.5
, 629, 1.0, 0.5, 10.5
, 630, 1.0, 2.5, 9.5
, 631, 1.0, 5.5, 5.5
, 632, 1.0, 2.0, 7.0
, 633, 1.0, 5.5, 5.5
, 634, 1.0, 5.5, 5.5
, 635, 1.0, 5.5, 5.5
, 636, 1.0, 5.5, 5.5
, 637, 1.0, 4.0, 10.0
, 638, 1.0, 5.0, 7.0
, 639, 1.0, 4.0, 7.0
, 640, 1.0, 1.5, 9.5
, 641, 1.0, 5.5, 5.5
, 642, 1.0, 1.5, 9.5
, 643, 1.0, 5.5, 5.5
, 644, 1.0, 2.0, 9.0
, 645, 1.0, 5.5, 5.5
, 646, 1.0, 5.0, 6.0
, 647, 1.5, 4.5, 7.0
, 648, 1.0, 5.0, 7.0
, 649, 1.0, 4.0, 8.0
, 650, 1.0, 2.5, 9.5
, 651, 1.0, 1.5, 9.5
, 652, 1.0, 1.0, 10.0
, 653, 1.0, 1.5, 9.5
, 654, 1.0, 1.0, 10.0
, 655, 1.0, 2.0, 9.0
, 656, 1.0, 2.5, 8.5
, 657, 1.0, 2.0, 9.0
, 658, 1.0, 5.5, 8.5
, 659, 2.0, 4.5, 6.5
, 660, 1.0, 4.0, 5.0
, 661, 1.0, 4.0, 4.0
, 662, 1.0, 3.5, 8.5
, 663, 3.0, 3.0, 6.0
, 664, 3.0, 2.0, 7.0
, 665, 2.0, 4.0, 6.0
, 666, 3.0, 3.0, 6.0
, 667, 1.0, 2.5, 8.5
, 668, 1.0, 0.5, 10.5
, 669, 1.0, 2.5, 6.5
, 670, 1.0, 1.0, 8.0
, 671, 1.0, 2.0, 7.0
, 672, 1.0, 5.5, 6.5
, 673, 2.0, 2.0, 8.0
, 674, 2.0, 2.0, 8.0
, 675, 0.5, 9.5
, 676, 2.0, 2.0, 8.0
, 677, 1.0, 4.0, 7.0
, 678, 1.0, 4.0, 7.0
, 679, 1.0, 4.0, 8.0
, 680, 1.0, 3.0, 9.0
, 681, 1.0, 3.5, 8.5
, 682, 1.0, 4.0, 8.0
, 683, 1.0, 3.0, 9.0
, 684, 1.0, 5.5, 5.5
, 685, 1.5, 4.5, 7.0
, 686, 2.0, 4.5, 8.5
, 687, 2.0, 4.5, 8.5
, 688, 1.5, 5.0, 5.5
, 689, 3.0, 1.5, 8.5
, 690, 1.5, 4.5, 6.0
, 691, 3.0, 1.5, 8.5
, 692, 3.0, 1.0, 8.0
, 693, 1.0, 3.5, 8.5
, 694, 1.0, 3.5, 8.5
, 695, 3.0, 3.0, 6.0
, 696, 2.0, 4.0, 6.0
, 697, 2.0, 3.0, 10.0
, 698, 2.0, 4.0, 9.0
, 699, 1.0, 5.0, 9.0
, 700, 1.0, 4.0, 10.0
, 701, 1.0, 6.5, 5.5
, 702, 1.0, 6.5, 5.5
, 703, 1.0, 6.5, 5.5
, 704, 1.0, 5.0, 9.0
, 705, 1.0, 5.0, 9.0
, 706, 1.0, 5.0, 9.0
, 707, 1.0, 6.5, 5.5
, 708, 1.0, 10.0, 4.0
, 709, 1.0, 6.5, 5.5
, 710, 1.0, 4.0, 10.0
, 711, 1.5, 4.5, 7.0
, 712, 1.0, 5.0, 9.0
, 713, 1.0, 5.5, 5.5
, 714, 1.0, 5.5, 5.5
, 715, 1.0, 5.5, 5.5
, 716, 1.0, 6.5, 4.5
, 717, 1.0, 5.5, 5.5
, 718, 1.0, 2.0, 9.0
, 719, 1.0, 0.5, 10.5
, 720, 1.5, 2.5, 9.0
, 721, 1.0, 2.0, 10.0
, 722, 3.0, 2.0, 8.0
, 723, 3.0, 2.0, 5.0
, 724, 1.5, 3.5, 8.0
, 725, 1.0, 3.0, 9.0
, 726, 1.0, 5.0, 6.0
, 727, 1.0, 6.5, 4.5
, 728, 1.0, 3.0, 9.0
, 729, 1.0, 5.0, 7.0
, 730, 1.0, 5.0, 6.0
, 731, 1.0, 4.0, 6.0
, 732, 1.0, 3.5, 6.5
, 733, 1.0, 7.0, 5.0
, 734, 1.0, 7.0, 5.0
, 735, 1.0, 5.5, 5.5
, 736, 1.0, 5.0, 7.0
, 737, 1.0, 5.5, 5.5
, 738, 1.0, 3.0, 6.0
, 739, 1.0, 4.0, 7.0
, 740, 1.0, 5.5, 5.5
, 741, 1.0, 2.5, 9.5
, 742, 1.0, 4.0, 8.0
, 743, 1.0, 5.0, 6.0
, 744, 1.0, 3.5, 8.5
, 745, 1.0, 5.5, 5.5
, 746, 1.0, 5.0, 6.0
, 747, 1.0, 5.0, 9.0
, 748, 1.5, 4.5, 7.0
, 749, 1.0, 5.0, 6.0
, 750, 1.0, 4.0, 7.0
, 751, 1.0, 5.0, 6.0
, 752, 1.0, 5.0, 6.0
, 753, 1.0, 3.0, 5.0
, 754, 1.0, 5.0, 6.0
, 755, 1.0, 5.5, 5.5
, 756, 1.0, 5.5, 5.5
, 757, 1.0, 2.5, 8.5
, 758, 1.0, 2.0, 9.0
, 759, 1.0, 5.5, 5.5
, 760, 1.0, 5.0, 6.0
, 761, 1.0, 3.0, 6.0
, 762, 1.0, 3.0, 6.0
, 763, 1.0, 5.0, 4.0
, 764, 1.0, 3.0, 5.0
, 765, 1.5, 2.5, 6.0
, 766, 1.5, 3.0, 5.5
, 767, 1.5, 2.5, 6.0
, 768, 1.5, 1.5, 1.0
, 769, 1.5, 3.0, 5.5
, 770, 1.0, 5.0, 6.0
, 771, 1.0, 6.5, 4.5
, 772, 1.0, 3.0, 6.0
, 773, 1.0, 3.5, 6.5
, 774, 1.0, 2.0, 7.0
, 775, 1.0, 4.0, 7.0
, 776, 1.0, 5.0, 6.0
, 777, 1.0, 4.0, 7.0
, 778, 1.5, 3.0, 5.5
, 779, 1.0, 5.0, 6.0
, 780, 4.0, 6.0
, 781, 3.5, 1.5, 5.0
, 782, 3.5, 1.5, 5.0
, 783, 4.5, 5.5
, 784, 4.5, 5.5
, 785, 4.5, 5.5
, 786, 4.0, 6.0
, 787, 3.5, 2.5, 4.0
, 788, 4.5, 5.5
, 789, 1.0, 1.5, 7.0
, 790, 3.0, 2.0, 7.0
, 791, 1.0, 2.5, 9.5
, 792, 1.5, 6.5, 4.0
, 793, 1.0, 8.0, 4.0
, 794, 1.0, 4.0, 8.0
, 795, 1.0, 4.0, 7.0
, 796, 1.0, 5.5, 5.5
, 797, 1.0, 1.0, 10.0
, 798, 3.0, 3.0, 9.0
, 799, 3.0, 6.0, 4.0
, 800, 1.0, 4.0, 7.0
, 801, 1.0, 4.0, 8.0
, 802, 1.0, 4.0, 7.0
, 803, 1.0, 4.0, 8.0
, 804, 1.0, 4.0, 8.0
, 805, 1.0, 6.5, 7.5
, 806, 1.0, 6.5, 7.5
, 807, 1.0, 4.0, 7.0
, 808, 1.0, 1.0, 10.0
, 809, 1.0, 1.0, 10.0
, 810, 1.0, 4.0, 7.0
, 811, 1.0, 4.0, 7.0
, 812, 1.5, 1.5, 9.0
, 813, 1.0, 4.0, 7.0
, 814, 1.0, 2.0, 9.0
, 815, 1.0, 1.0, 10.0
, 816, 1.0, 6.5, 7.5
, 817, 1.0, 6.5, 7.5
, 818, 1.5, 6.0, 5.5
, 819, 1.5, 6.5, 7.0
, 820, 1.0, 6.5, 7.5
, 821, 1.0, 4.0, 8.0
, 822, 1.0, 2.0, 11.0
, 823, 2.5, 1.5, 8.0
, 824, 2.5, 1.5, 8.0
, 825, 2.5, 1.5, 7.0
, 826, 2.5, 1.5, 8.0
, 827, 3.0, 1.5, 7.5
, 828, 2.5, 1.0, 6.5
, 829, 1.5, 1.5, 11.0
, 830, 3.0, 2.0, 5.0
, 831, 1.0, 6.5, 7.5
, 832, 1.0, 2.5, 10.5
, 833, 1.0, 6.5, 7.5
, 834, 1.0, 2.5, 11.5
, 835, 1.5, 6.0, 4.5
, 836, 3.0, 0.5, 8.5
, 837, 3.0, 3.0, 4.0
, 838, 1.5, 2.5, 7.0
, 839, 3.0, 4.5, 2.5
, 840, 3.0, 3.0, 4.0
, 841, 3.0, 0.5, 9.5
, 842, 3.0, 3.0, 4.0
, 843, 3.0, 1.0, 8.0
, 844, 3.0, 2.0, 6.0
, 845, 2.5, 3.5, 5.0
, 846, 3.0, 2.0, 5.0
, 847, 3.0, 1.0, 9.0
, 848, 3.0, 2.0, 8.0
, 849, 3.0, 3.5, 5.5
, 850, 3.0, 3.0, 7.0
, 851, 1.5, 4.5, 4.0
, 852, 3.0, 3.0, 7.0
, 853, 3.0, 2.0, 7.0
, 854, 3.0, 1.0, 6.0
, 855, 3.0, 2.0, 7.0
, 856, 3.0, 2.0, 6.0
, 857, 3.0, 3.0, 5.0
, 858, 3.0, 3.0, 4.0
, 859, 3.0, 2.0, 5.0
, 860, 1.5, 3.5, 8.0
, 861, 1.5, 2.5, 7.0
, 862, 1.5, 2.5, 7.0
, 863, 1.5, 3.5, 7.0
, 864, 1.0, 3.0, 8.0
, 865, 1.0, 7.0, 4.0
, 866, 1.0, 4.0, 8.0
, 867, 1.0, 2.5, 10.5
, 868, 1.0, 6.5, 7.5
, 869, 1.0, 3.0, 9.0
, 870, 1.0, 3.5, 8.5
, 871, 1.0, 2.0, 10.0
, 872, 1.0, 3.5, 8.5
, 873, 1.0, 3.0, 8.0
, 874, 1.0, 3.5, 8.5
, 875, 1.0, 4.0, 6.0
, 876, 1.0, 3.5, 6.5
, 877, 1.0, 2.0, 7.0
, 878, 1.0, 3.5, 8.5
, 879, 1.0, 5.0, 5.0
, 880, 1.0, 5.0, 5.0
, 881, 1.0, 4.0, 8.0
, 882, 1.0, 5.0, 5.0
, 883, 1.0, 5.0, 7.0
, 884, 1.5, 2.0, 5.5
, 885, 1.0, 5.0, 5.0
, 886, 1.0, 2.0, 10.0
, 887, 1.0, 4.0, 6.0
, 888, 1.0, 5.0, 3.0
, 889, 1.0, 4.0, 6.0
, 890, 1.0, 5.0, 5.0
, 891, 1.0, 0.5, 8.5
, 892, 1.0, 5.0, 5.0
, 893, 1.0, 5.0, 5.0
, 894, 1.0, 5.0, 5.0
, 895, 1.0, 3.5, 8.5
, 896, 1.0, 5.0, 5.0
, 897, 1.0, 0.5, 9.5
, 898, 1.0, 3.5, 8.5
, 899, 1.0, 5.0, 5.0
, 900, 1.0, 5.0, 5.0
, 901, 1.0, 3.5, 8.5
, 902, 1.0, 1.0, 8.0
, 903, 1.0, 3.5, 8.5
, 904, 1.0, 5.0, 7.0
, 905, 1.0, 3.5, 8.5
, 906, 1.0, 1.5, 7.5
, 907, 1.0, 2.0, 9.0
, 908, 1.0, 3.5, 5.5
, 909, 1.0, 1.5, 7.5
, 910, 1.0, 5.0, 5.0
, 911, 1.0, 5.0, 4.0
, 912, 1.0, 1.5, 7.5
, 913, 1.0, 5.0, 7.0
, 914, 1.0, 5.0, 5.0
, 915, 1.0, 1.0, 8.0
, 916, 1.0, 5.0, 5.0
, 917, 1.0, 1.5, 7.5
, 918, 1.0, 3.0, 9.0
, 919, 1.0, 3.0, 9.0
, 920, 1.0, 3.0, 6.0
, 921, 1.0, 1.0, 8.0
, 922, 1.0, 2.5, 7.5
, 923, 1.0, 1.0, 8.0
, 924, 1.0, 3.0, 6.0
, 925, 1.0, 5.0, 4.0
, 926, 1.0, 5.0, 4.0
, 927, 1.0, 5.0, 4.0
, 928, 1.0, 3.5, 4.5
, 929, 1.0, 4.0, 4.0
, 930, 1.0, 4.0, 4.0
, 931, 1.5, 3.5, 6.0
, 932, 5.0, 4.0
, 933, 1.5, 3.0, 4.5
, 934, 1.5, 3.0, 4.5
, 935, 3.0, 1.0, 8.0
, 936, 1.0, 3.0, 7.0
, 937, 1.0, 3.0, 7.0
, 938, 1.0, 5.0, 5.0
, 939, 1.0, 5.0, 7.0
, 940, 3.0, 3.0, 4.0
, 941, 1.0, 3.0, 7.0
, 942, 1.0, 3.0, 9.0
, 943, 2.0, 3.0, 7.0
, 944, 2.0, 3.0, 7.0
, 945, 2.0, 3.0, 7.0
, 946, 1.5, 5.0, 5.5
, 947, 3.0, 2.0, 9.0
, 948, 2.5, 0.5, 9.0
, 949, 3.0, 2.0, 7.0
, 950, 3.0, 1.5, 8.5
, 951, 1.5, 4.5, 7.0
, 952, 3.0, 3.0, 6.0
, 953, 3.0, 2.0, 7.0
, 954, 3.0, 3.0, 6.0
, 955, 1.5, 2.0, 8.5
, 956, 2.5, 1.0, 8.5
, 957, 3.0, 2.0, 5.0
, 958, 2.5, 0.5, 9.0
, 959, 3.0, 2.0, 7.0
, 960, 3.0, 2.0, 7.0
, 961, 1.0, 6.5, 5.5
, 962, 1.0, 3.0, 9.0
, 963, 1.0, 3.0, 9.0
, 964, 1.0, 3.0, 9.0
, 965, 1.0, 3.0, 8.0
, 966, 1.0, 6.5, 5.5
, 967, 1.0, 7.0, 5.0
, 968, 1.0, 2.0, 10.0
, 969, 1.0, 3.0, 9.0
, 970, 1.0, 3.0, 9.0
, 971, 1.0, 3.0, 9.0
, 972, 1.0, 2.5, 9.5
, 973, 1.0, 3.5, 7.5
, 974, 1.0, 3.0, 9.0
, 975, 1.0, 2.5, 9.5
, 976, 1.0, 2.5, 9.5
, 977, 2.0, 4.0, 6.0
, 978, 1.0, 3.0, 8.0
, 979, 2.0, 3.0, 8.0
, 980, 3.0, 3.0, 7.0
, 981, 3.0, 3.0, 6.0
, 982, 3.0, 3.0, 6.0
, 983, 1.0, 3.0, 9.0
, 984, 1.0, 2.5, 9.5
, 985, 1.0, 2.0, 8.0
, 986, 1.0, 1.0, 10.0
, 987, 3.0, 2.0, 5.0
, 988, 1.0, 6.5, 5.5
, 989, 1.0, 2.5, 9.5
, 990, 1.0, 2.0, 11.0
, 991, 1.0, 3.0, 8.0
, 992, 1.0, 3.0, 9.0
, 993, 1.0, 3.0, 8.0
, 994, 1.0, 3.0, 9.0
, 995, 1.0, 5.0, 7.0
, 996, 1.0, 2.5, 9.5
, 997, 1.0, 4.0, 8.0
, 998, 1.0, 5.0, 7.0
, 999, 1.5, 2.5, 8.0
, 1000, 3.0, 2.0, 7.0
, 1001, 1.0, 1.0, 10.0
, 1002, 1.5, 4.5, 6.0
, 1003, 3.0, 3.0, 6.0
, 1004, 3.0, 3.5, 6.5
, 1005, 3.0, 2.0, 8.0
, 1006, 3.0, 2.0, 7.0
, 1007, 1.5, 3.5, 7.0
, 1008, 1.0, 3.0, 7.0
, 1009, 1.0, 2.0, 10.0
, 1010, 1.0, 3.0, 8.0
, 1011, 1.0, 5.0, 9.0
, 1012, 1.0, 4.0, 8.0
, 1013, 1.0, 4.0, 7.0
, 1014, 2.5, 0.5, 7.0
, 1015, 3.0, 3.0, 4.0
, 1016, 2.5, 1.0, 6.5
, 1017, 2.5, 1.0, 6.5
, 1018, 3.0, 3.0, 4.0
, 1019, 1.0, 3.5, 8.5
, 1020, 1.0, 3.5, 8.5
, 1021, 1.0, 2.0, 10.0
, 1022, 1.0, 3.0, 8.0
, 1023, 1.0, 3.0, 9.0
, 1024, 1.0, 3.5, 8.5
, 1025, 1.0, 4.0, 8.0
, 1026, 3.0, 3.5, 5.5
, 1027, 1.0, 3.0, 8.0
, 1028, 1.0, 3.5, 8.5
, 1029, 3.0, 2.0, 7.0
, 1030, 1.0, 2.0, 8.0
, 1031, 1.0, 5.0, 7.0
, 1032, 1.0, 1.0, 10.0
, 1033, 1.0, 3.5, 8.5
, 1034, 1.0, 3.5, 8.5
, 1035, 2.0, 1.5, 9.5
, 1036, 1.0, 2.5, 9.5
, 1037, 1.0, 2.5, 9.5
, 1038, 1.5, 4.5, 4.0
, 1039, 2.5, 3.5, 7.0
, 1040, 3.0, 3.0, 7.0
, 1041, 3.0, 3.0, 4.0
, 1042, 3.0, 0.5, 6.5
, 1043, 3.0, 1.5, 8.5
, 1044, 3.0, 3.0, 7.0
, 1045, 1.5, 3.5, 7.0
, 1046, 1.5, 3.5, 7.0
, 1047, 3.0, 1.0, 8.0
, 1048, 1.0, 0.5, 9.5
, 1049, 1.0, 1.0, 8.0
, 1050, 1.0, 3.5, 6.5
, 1051, 1.0, 1.5, 6.5
, 1052, 1.0, 3.5, 7.5
, 1053, 1.0, 3.0, 8.0
, 1054, 1.0, 5.0, 5.0
, 1055, 1.0, 5.0, 7.0
, 1056, 1.0, 3.0, 8.0
, 1057, 1.0, 5.0, 5.0
, 1058, 1.0, 3.5, 7.5
, 1059, 1.0, 3.0, 8.0
, 1060, 1.0, 4.0, 6.0
, 1061, 1.0, 3.5, 7.5
, 1062, 1.0, 4.0, 6.0
, 1063, 1.0, 5.0, 5.0
, 1064, 1.0, 3.5, 7.5
, 1065, 1.0, 5.0, 6.0
, 1066, 1.0, 2.5, 8.5
, 1067, 1.0, 3.0, 8.0
, 1068, 1.0, 4.0, 6.0
, 1069, 1.0, 7.0, 5.0
, 1070, 1.0, 4.0, 6.0
, 1071, 2.0, 2.5, 8.5
, 1072, 1.0, 5.0, 5.0
, 1073, 1.0, 3.0, 8.0
, 1074, 1.0, 2.5, 7.5
, 1075, 1.0, 3.5, 6.5
, 1076, 2.0, 1.0, 7.0
, 1077, 1.0, 4.0, 6.0
, 1078, 2.0, 6.0, 3.0
, 1079, 2.0, 1.0, 7.0
, 1080, 1.0, 4.0, 6.0
, 1081, 1.0, 3.5, 6.5
, 1082, 1.0, 3.0, 7.0
, 1083, 1.0, 3.0, 7.0
, 1084, 1.0, 2.0, 7.0
, 1085, 1.0, 2.5, 7.5
, 1086, 1.0, 3.0, 7.0
, 1087, 1.0, 4.0, 6.0
, 1088, 1.0, 2.0, 7.0
, 1089, 1.0, 3.0, 7.0
, 1090, 1.0, 3.5, 9.0
, 1091, 1.0, 5.0, 5.0
, 1092, 1.0, 2.0, 8.0
, 1093, 1.0, 3.0, 7.0
, 1094, 1.0, 1.0, 8.0
, 1095, 1.0, 3.0, 6.0
, 1096, 1.0, 4.0, 5.0
, 1097, 1.0, 2.0, 9.0
, 1098, 1.0, 2.0, 9.0
, 1099, 1.0, 2.5, 8.5
, 1100, 1.0, 1.5, 7.5
, 1101, 1.0, 2.0, 8.0
, 1102, 1.5, 1.0, 7.5
, 1103, 1.0, 5.0, 5.0
, 1104, 1.0, 5.0, 5.0
, 1105, 1.0, 2.0, 8.0
, 1106, 1.0, 5.0, 5.0
, 1107, 1.0, 5.0, 7.0
, 1108, 1.0, 1.0, 9.0
, 1109, 1.0, 5.5, 6.5
, 1110, 1.0, 2.5, 9.5
, 1111, 1.0, 2.5, 9.5
, 1112, 1.5, 1.0, 8.5
, 1113, 1.0, 4.0, 8.0
, 1114, 1.0, 3.5, 8.5
, 1115, 1.0, 7.0, 5.0
, 1116, 1.0, 5.0, 5.0
, 1117, 1.0, 4.0, 7.0
, 1118, 1.0, 4.0, 7.0
, 1119, 1.0, 2.5, 8.5
, 1120, 1.0, 7.0, 5.0
, 1121, 1.0, 3.5, 8.5
, 1122, 1.0, 5.0, 7.0
, 1123, 3.0, 2.0, 7.0
, 1124, 3.0, 2.0, 7.0
, 1125, 3.0, 3.0, 7.0
, 1126, 3.0, 2.0, 7.0
, 1127, 2.5, 1.0, 8.5
, 1128, 2.5, 1.0, 8.5
, 1129, 3.0, 3.0, 6.0
, 1130, 2.5, 1.0, 8.5
, 1131, 3.0, 2.0, 7.0
, 1132, 3.0, 2.0, 7.0
, 1133, 3.0, 3.0, 6.0
, 1134, 3.0, 2.0, 7.0
, 1135, 1.5, 4.5, 6.0
, 1136, 1.5, 4.5, 5.0
, 1137, 2.5, 1.0, 8.5
, 1138, 2.5, 1.0, 9.0
, 1139, 1.5, 3.5, 7.0
, 1140, 2.5, 0.5, 9.0
, 1141, 3.0, 1.5, 7.5
, 1142, 3.0, 1.0, 8.0
, 1143, 3.0, 1.5, 7.5
, 1144, 3.0, 3.0, 7.0
, 1145, 3.0, 3.0, 6.0
, 1146, 3.0, 3.0, 7.0
, 1147, 3.0, 3.0, 7.0
, 1148, 3.0, 2.0, 5.0
, 1149, 3.0, 3.0, 7.0
, 1150, 3.0, 2.0, 5.0
, 1151, 1.5, 2.0, 6.5
, 1152, 3.0, 2.0, 5.0
, 1153, 3.0, 2.0, 5.0
, 1154, 3.0, 3.0, 4.0
, 1155, 3.0, 2.0, 5.0
, 1156, 3.0, 3.0, 5.0
, 1157, 0.5, 0.5, 9.0
, 1158, 3.0, 2.0, 5.0
, 1159, 3.0, 2.0, 6.0
, 1160, 3.0, 3.0, 4.0
, 1161, 3.0, 2.0, 5.0
, 1162, 1.5, 3.5, 5.0
, 1163, 3.0, 2.0, 8.0
, 1164, 3.0, 2.0, 5.0
, 1165, 3.0, 2.0, 6.0
, 1166, 2.5, 1.0, 6.5
, 1167, 3.0, 3.0, 4.0
, 1168, 3.0, 3.0, 4.0
, 1169, 3.0, 3.0, 4.0
, 1170, 3.0, 2.0, 6.0
, 1171, 3.0, 2.0, 5.0
, 1172, 3.0, 2.0, 5.0
, 1173, 3.0, 3.0, 4.0
, 1174, 3.0, 3.0, 5.0
, 1175, 1.5, 4.5, 3.0
, 1176, 2.5, 2.5, 5.0
, 1177, 3.0, 2.0, 6.0
, 1178, 3.0, 3.0, 5.0
, 1179, 2.5, 2.0, 5.5
, 1180, 2.5, 2.0, 5.5
, 1181, 2.5, 2.0, 5.5
, 1182, 3.0, 3.0, 4.0
, 1183, 3.0, 2.0, 5.0
, 1184, 3.0, 3.0, 4.0
, 1185, 3.0, 3.0, 4.0
, 1186, 3.0, 3.0, 4.0
, 1187, 3.0, 2.0, 5.0
, 1188, 3.0, 2.0, 5.0
, 1189, 3.0, 2.0, 5.0
, 1190, 3.0, 3.0, 4.0
, 1191, 3.0, 2.0, 5.0
, 1192, 3.0, 3.0, 4.0
, 1193, 2.5, 1.0, 6.0
, 1194, 1.5, 4.5, 4.0
, 1195, 3.0, 3.0, 4.0
, 1196, 3.0, 2.0, 6.0
, 1197, 1.5, 4.5, 4.0
, 1198, 2.5, 1.0, 6.0
, 1199, 2.5, 1.0, 6.5
, 1200, 3.0, 3.0, 4.0
, 1201, 3.0, 3.0, 4.0
, 1202, 3.0, 2.0, 5.0
, 1203, 3.0, 3.0, 4.0
, 1204, 3.0, 2.0, 5.0
, 1205, 2.5, 1.0, 6.5
, 1206, 3.0, 2.0, 5.0
, 1207, 1.5, 1.5, 7.0
, 1208, 1.0, 5.0, 5.0
, 1209, 1.0, 5.0, 5.0
, 1210, 1.0, 3.0, 6.0
, 1211, 1.0, 3.0, 6.0
, 1212, 1.0, 4.0, 5.0
, 1213, 1.0, 5.0, 5.0
, 1214, 1.0, 5.0, 5.0
, 1215, 1.5, 2.5, 9.0
, 1216, 1.0, 5.0, 5.0
, 1217, 1.0, 5.0, 5.0
, 1218, 1.0, 7.0, 5.0
, 1219, 1.0, 5.0, 5.0
, 1220, 1.0, 7.0, 5.0
, 1221, 1.0, 5.0, 5.0
, 1222, 1.0, 5.0, 5.0
, 1223, 1.0, 2.0, 8.0
, 1224, 1.0, 3.5, 6.5
, 1225, 1.0, 3.0, 7.0
, 1226, 2.0, 2.0, 9.0
, 1227, 1.0, 3.5, 8.5
, 1228, 1.0, 5.0, 5.0
, 1229, 1.0, 1.0, 8.0
, 1230, 1.0, 3.5, 6.5
, 1231, 1.0, 5.0, 5.0
, 1232, 1.0, 5.0, 5.0
, 1233, 1.0, 5.0, 5.0
, 1234, 1.0, 2.0, 10.0
, 1235, 1.0, 7.0, 5.0
, 1236, 1.0, 5.0, 5.0
, 1237, 1.0, 6.5, 5.5
, 1238, 1.0, 2.5, 9.5
, 1239, 1.0, 2.5, 9.5
, 1240, 1.0, 4.0, 8.0
, 1241, 1.0, 4.0, 8.0
, 1242, 1.0, 3.0, 9.0
, 1243, 1.0, 1.5, 10.5
, 1244, 1.0, 5.0, 7.0
, 1245, 1.0, 3.0, 9.0
, 1246, 1.0, 5.0, 5.0
, 1247, 1.0, 5.0, 7.0
, 1248, 1.0, 3.0, 9.0
, 1249, 1.0, 5.0, 5.0
, 1250, 1.0, 2.0, 10.0
, 1251, 1.0, 5.0, 7.0
, 1252, 1.0, 5.0, 5.0
, 1253, 1.0, 2.5, 6.5
, 1254, 1.0, 3.0, 6.0
, 1255, 1.0, 3.0, 6.0
, 1256, 1.0, 5.0, 5.0
, 1257, 1.0, 5.0, 5.0
, 1258, 1.0, 5.0, 5.0
, 1259, 1.0, 4.0, 6.0
, 1260, 1.0, 2.0, 8.0
, 1261, 1.0, 3.0, 7.0
, 1262, 1.0, 4.0, 8.0
, 1263, 1.0, 5.0, 7.0
, 1264, 1.0, 5.0, 5.0
, 1265, 1.0, 1.0, 8.0
, 1266, 1.0, 1.0, 8.0
, 1267, 1.0, 2.0, 7.0
, 1268, 1.0, 3.0, 6.0
, 1269, 1.0, 2.0, 9.0
, 1270, 1.0, 2.0, 7.0
, 1271, 1.0, 2.5, 8.5
, 1272, 1.5, 4.5, 5.0
, 1273, 2.5, 2.0, 6.5
, 1274, 2.5, 2.0, 6.5
, 1275, 3.0, 0.5, 7.5
, 1276, 3.0, 2.0, 5.0
, 1277, 3.0, 2.0, 5.0
, 1278, 3.0, 2.0, 5.0
, 1279, 3.0, 2.0, 5.0
, 1280, 2.5, 2.0, 5.5
, 1281, 2.0, 3.0, 5.0
, 1282, 1.5, 3.5, 5.0
, 1283, 3.0, 2.0, 5.0
, 1284, 3.0, 2.0, 5.0
, 1285, 3.0, 1.5, 5.5
, 1286, 3.0, 3.0, 5.0
, 1287, 3.0, 2.0, 5.0
, 1288, 3.0, 2.0, 5.0
, 1289, 3.0, 2.0, 5.0
, 1290, 2.0, 2.0, 9.0
, 1291, 2.0, 2.0, 9.0
, 1292, 1.0, 4.0, 6.0
, 1293, 1.0, 2.0, 10.0
, 1294, 1.0, 3.0, 9.0
, 1295, 1.0, 3.0, 9.0
, 1296, 1.0, 5.0, 5.0
, 1297, 1.0, 5.0, 5.0
, 1298, 1.0, 1.0, 8.0
, 1299, 1.0, 3.0, 6.0
, 1300, 1.5, 2.5, 9.0
, 1301, 1.0, 3.0, 6.0
, 1302, 2.0, 2.0, 6.0
, 1303, 1.0, 1.0, 8.0
, 1304, 1.0, 3.0, 7.0
, 1305, 1.0, 2.5, 6.5
, 1306, 1.0, 2.5, 6.5
, 1307, 1.0, 1.5, 8.5
, 1308, 1.0, 0.5, 8.5
, 1309, 2.0, 1.0, 7.0
, 1310, 1.0, 1.0, 8.0
, 1311, 1.0, 3.0, 6.0
, 1312, 1.0, 5.0, 5.0
, 1313, 1.0, 1.0, 8.0
, 1314, 1.0, 3.0, 7.0
, 1315, 1.0, 1.0, 9.0
, 1316, 1.0, 3.0, 7.0
, 1317, 1.0, 4.0, 8.0
, 1318, 1.0, 5.0, 5.0
, 1319, 1.0, 5.0, 5.0
, 1320, 1.0, 1.0, 8.0
, 1321, 1.0, 3.0, 7.0
, 1322, 1.0, 4.0, 8.0
, 1323, 1.0, 3.0, 7.0
, 1324, 2.0, 1.5, 6.5
, 1325, 1.0, 5.0, 5.0
, 1326, 1.0, 4.0, 8.0
, 1327, 2.0, 1.5, 6.5
, 1328, 1.0, 3.0, 9.0
, 1329, 1.0, 3.0, 6.0
, 1330, 1.0, 3.0, 6.0
, 1331, 1.0, 5.0, 5.0
, 1332, 1.0, 2.5, 8.5
, 1333, 1.0, 2.5, 8.5
, 1334, 1.0, 0.5, 9.5
, 1335, 1.0, 0.5, 9.5
, 1336, 1.0, 5.0, 5.0
, 1337, 1.0, 1.0, 9.0
, 1338, 1.0, 5.0, 5.0
, 1339, 1.0, 5.0, 5.0
, 1340, 1.0, 5.0, 5.0
, 1341, 2.0, 3.0, 7.0
, 1342, 1.0, 2.5, 6.5
, 1343, 1.0, 5.0, 5.0
, 1344, 1.0, 5.0, 5.0
, 1345, 1.0, 5.0, 5.0
, 1346, 2.0, 2.0, 8.0
, 1347, 2.0, 1.0, 7.0
, 1348, 1.0, 2.5, 6.5
, 1349, 1.0, 3.0, 7.0
, 1350, 1.0, 3.0, 6.0
, 1351, 1.0, 5.0, 5.0
, 1352, 1.0, 3.0, 6.0
, 1353, 1.0, 3.0, 7.0
, 1354, 1.0, 5.0, 5.0
, 1355, 1.0, 5.0, 5.0
, 1356, 1.0, 3.5, 5.5
, 1357, 1.0, 1.0, 9.0
, 1358, 1.0, 3.5, 6.5
, 1359, 1.0, 5.0, 5.0
, 1360, 1.0, 5.0, 5.0
, 1361, 1.0, 3.5, 7.5
, 1362, 1.0, 3.5, 6.5
, 1363, 1.0, 5.0, 5.0
, 1364, 1.0, 2.0, 7.0
, 1365, 1.0, 3.0, 9.0
, 1366, 1.0, 2.5, 7.5
, 1367, 1.0, 5.0, 5.0
, 1368, 1.0, 3.0, 7.0
, 1369, 1.0, 1.5, 9.5
, 1370, 1.0, 5.0, 5.0
, 1371, 1.0, 5.0, 5.0
, 1372, 2.0, 2.5, 6.5
, 1373, 1.0, 3.5, 6.5
, 1374, 1.0, 2.0, 7.0
, 1375, 1.0, 3.5, 8.5
, 1376, 1.0, 3.0, 7.0
, 1377, 1.0, 5.0, 5.0
, 1378, 1.0, 5.0, 5.0
, 1379, 1.0, 3.0, 9.0
, 1380, 1.0, 2.5, 7.5
, 1381, 1.0, 0.5, 9.5
, 1382, 1.0, 5.0, 5.0
, 1383, 1.0, 1.0, 8.0
, 1384, 1.0, 2.5, 9.5
, 1385, 1.0, 5.0, 5.0
, 1386, 1.0, 5.0, 5.0
, 1387, 1.0, 4.0, 8.0
, 1388, 1.0, 3.0, 7.0
, 1389, 1.0, 3.0, 7.0
, 1390, 1.0, 1.0, 9.0
, 1391, 1.0, 5.0, 5.0
, 1392, 1.0, 3.5, 8.5
, 1393, 1.0, 5.0, 5.0
, 1394, 1.0, 1.0, 8.0
, 1395, 2.0, 1.5, 6.5
, 1396, 1.0, 5.0, 5.0
, 1397, 1.0, 4.0, 8.0
, 1398, 1.0, 5.0, 5.0
, 1399, 1.0, 5.0, 5.0
, 1400, 1.0, 0.5, 8.5
, 1401, 1.0, 1.5, 9.5
, 1402, 1.0, 5.0, 5.0
, 1403, 1.0, 3.0, 9.0
, 1404, 1.0, 5.0, 5.0
, 1405, 1.0, 5.0, 5.0
, 1406, 1.0, 5.0, 7.0
, 1407, 1.0, 5.0, 5.0
, 1408, 1.0, 5.0, 5.0
, 1409, 1.0, 4.0, 6.0
, 1410, 1.0, 3.5, 6.5
, 1411, 1.0, 3.0, 6.0
, 1412, 1.0, 3.0, 6.0
, 1413, 1.0, 5.0, 5.0
, 1414, 2.0, 2.0, 7.0
, 1415, 1.0, 3.0, 7.0
, 1416, 1.0, 3.0, 7.0
, 1417, 1.0, 3.0, 7.0
, 1418, 1.0, 5.0, 5.0
, 1419, 1.0, 3.0, 6.0
, 1420, 1.0, 5.0, 7.0
, 1421, 1.0, 4.0, 8.0
, 1422, 1.0, 2.0, 10.0
, 1423, 1.0, 3.0, 9.0
, 1424, 1.0, 1.5, 10.5
, 1425, 1.0, 2.5, 8.5
, 1426, 1.0, 1.0, 10.0
, 1427, 1.0, 1.0, 9.0
, 1428, 1.0, 3.0, 6.0
, 1429, 1.0, 1.5, 7.5
, 1430, 1.0, 3.0, 6.0
, 1431, 1.0, 3.0, 6.0
, 1432, 1.0, 5.0, 5.0
, 1433, 1.0, 5.0, 5.0
, 1434, 1.0, 5.0, 5.0
, 1435, 2.0, 2.5, 7.5
, 1436, 3.0, 2.0, 5.0
, 1437, 2.0, 2.0, 2.0
, 1438, 3.0, 1.0, 6.0
, 1439, 1.0, 1.0, 8.0
, 1440, 1.0, 4.0, 5.0
, 1441, 1.0, 1.0, 8.0
, 1442, 1.0, 5.0, 5.0
, 1443, 2.0, 1.5, 8.5
, 1444, 1.0, 2.5, 7.5
, 1445, 1.0, 3.0, 7.0
, 1446, 1.0, 5.0, 5.0
, 1447, 1.0, 5.0, 5.0
, 1448, 1.0, 4.0, 5.0
, 1449, 1.0, 2.0, 9.0
, 1450, 1.0, 2.0, 9.0
, 1451, 1.0, 1.0, 8.0
, 1452, 1.0, 2.0, 9.0
, 1453, 1.0, 5.0, 5.0
, 1454, 1.0, 1.0, 8.0
, 1455, 1.0, 3.0, 6.0
, 1456, 1.0, 3.0, 6.0
, 1457, 1.0, 5.0, 5.0
, 1458, 1.0, 5.0, 5.0
, 1459, 1.0, 5.0, 5.0
, 1460, 1.0, 4.0, 3.0
, 1461, 1.0, 3.0, 6.0
, 1462, 1.0, 5.0, 5.0
, 1463, 1.0, 2.0, 9.0
, 1464, 4.0, 4.0
, 1465, 1.0, 4.0, 4.0
, 1466, 1.0, 4.0, 4.0
, 1467, 1.0, 1.0, 7.0
, 1468, 0.5, 1.5, 7.0
, 1469, 1.0, 5.0, 4.0
, 1470, 1.0, 5.0, 4.0
, 1471, 1.0, 4.0, 5.0
, 1472, 1.5, 2.0, 1.5
, 1473, 1.5, 5.0, 5.5
, 1474, 1.0, 3.0, 8.0
, 1475, 1.0, 6.5, 4.5
, 1476, 1.0, 3.0, 8.0
, 1477, 1.0, 3.0, 8.0
, 1478, 1.5, 3.0, 8.5
, 1479, 1.5, 3.0, 8.5
, 1480, 2.0, 2.0, 9.0
, 1481, 1.5, 2.5, 8.0
, 1482, 1.0, 3.0, 8.0
, 1483, 1.5, 3.0, 8.5
, 1484, 2.0, 2.5, 8.5
, 1485, 1.5, 3.0, 8.5
, 1486, 1.5, 3.0, 8.5
, 1487, 1.5, 3.0, 8.5
, 1488, 1.5, 3.0, 8.5
, 1489, 1.0, 3.0, 9.0
, 1490, 1.0, 1.5, 9.5
, 1491, 3.0, 1.0, 7.0
, 1492, 2.0, 2.0, 4.0
, 1493, 1.0, 2.0, 9.0
, 1494, 1.0, 3.0, 6.0
, 1495, 1.0, 3.0, 9.0
, 1496, 1.0, 5.0, 7.0
, 1497, 1.0, 4.0, 4.0
, 1498, 1.0, 4.0, 4.0
, 1499, 1.0, 5.0, 4.0
, 1500, 1.0, 5.0, 4.0
, 1501, 1.0, 2.0, 7.0
, 1502, 1.0, 5.0, 6.0
, 1503, 1.0, 2.0, 7.0
, 1504, 4.5, 3.5
, 1505, 1.0, 3.0, 4.0
, 1506, 1.0, 4.0, 5.0
, 1507, 1.0, 1.0, 7.0
, 1508, 1.0, 4.0, 5.0
, 1509, 1.0, 3.0, 5.0
, 1510, 1.0, 5.0, 4.0
, 1511, 1.0, 5.0, 4.0
, 1512, 1.0, 5.0, 4.0
, 1513, 1.0, 4.0, 4.0
, 1514, 1.0, 4.0, 4.0
, 1515, 1.0, 2.0, 6.0
, 1516, 1.0, 3.0, 6.0
, 1517, 1.0, 1.0, 6.0
, 1518, 1.0, 4.0, 4.0
, 1519, 1.0, 4.0, 4.0
, 1520, 1.0, 4.0, 4.0
, 1521, 1.0, 4.0, 4.0
, 1522, 1.0, 3.0, 6.0
, 1523, 1.0, 4.0, 3.0
, 1524, 1.0, 3.0, 4.0
, 1525, 1.0, 4.0, 4.0
, 1526, 1.0, 4.0, 4.0
, 1527, 1.0, 4.0, 4.0
, 1528, 0.5, 1.5, 7.0
, 1529, 1.0, 4.0, 4.0
, 1530, 1.0, 4.0, 4.0
, 1531, 1.5, 5.0, 5.5
, 1532, 3.0, 3.5, 5.5
, 1533, 1.5, 5.0, 5.5
, 1534, 3.0, 3.5, 5.5
, 1535, 3.0, 3.0, 7.0
, 1536, 3.0, 3.0, 7.0
, 1537, 3.0, 3.0, 7.0
, 1538, 1.5, 2.0, 9.5
, 1539, 1.5, 4.5, 7.0
, 1540, 1.5, 4.5, 7.0
, 1541, 3.0, 3.0, 7.0
, 1542, 1.5, 4.5, 7.0
, 1543, 2.0, 4.0, 6.0
, 1544, 1.5, 4.5, 6.0
, 1545, 1.5, 4.5, 6.0
, 1546, 2.0, 2.0, 8.0
, 1547, 1.5, 3.5, 8.0
, 1548, 3.0, 3.0, 7.0
, 1549, 3.0, 3.5, 5.5
, 1550, 1.5, 3.5, 7.0
, 1551, 2.0, 2.0, 10.0
, 1552, 1.0, 5.0, 7.0
, 1553, 1.0, 4.0, 7.0
, 1554, 1.0, 5.5, 5.5
, 1555, 1.0, 1.5, 9.5
, 1556, 1.0, 1.5, 9.5
, 1557, 1.0, 2.5, 6.5
, 1558, 1.0, 1.0, 8.0
, 1559, 1.0, 5.0, 6.0
, 1560, 1.0, 5.0, 6.0
, 1561, 1.0, 5.0, 6.0
, 1562, 1.0, 5.5, 5.5
, 1563, 1.0, 2.5, 9.5
, 1564, 1.0, 2.5, 8.5
, 1565, 1.0, 5.0, 7.0
, 1566, 1.0, 2.5, 8.5
, 1567, 1.0, 1.0, 8.0
, 1568, 1.0, 2.0, 7.0
, 1569, 1.0, 1.0, 8.0
, 1570, 1.5, 5.0, 5.5
, 1571, 3.0, 6.0, 3.0
, 1572, 3.0, 3.0, 7.0
, 1573, 3.0, 3.5, 5.5
, 1574, 3.0, 3.5, 5.5
, 1575, 3.0, 3.0, 6.0
, 1576, 1.5, 3.5, 8.0
, 1577, 1.5, 3.5, 8.0
, 1578, 1.5, 3.5, 8.0
, 1579, 3.0, 3.5, 5.5
, 1580, 1.5, 3.5, 7.0
, 1581, 1.5, 3.5, 5.0
, 1582, 1.5, 3.5, 5.0
, 1583, 1.5, 3.5, 8.0
, 1584, 1.5, 4.5, 7.0
, 1585, 3.0, 2.0, 7.0
, 1586, 1.5, 3.5, 7.0
, 1587, 3.0, 2.0, 7.0
, 1588, 3.0, 3.0, 6.0
, 1589, 3.0, 3.0, 6.0
, 1590, 1.0, 2.0, 9.0
, 1591, 1.0, 5.5, 5.5
, 1592, 1.0, 5.5, 5.5
, 1593, 1.0, 1.0, 10.0
, 1594, 1.5, 4.5, 7.0
, 1595, 1.0, 5.0, 7.0
, 1596, 1.0, 5.0, 7.0
, 1597, 1.0, 5.0, 7.0
, 1598, 1.0, 5.0, 7.0
, 1599, 1.0, 3.5, 8.5
, 1600, 1.0, 1.5, 9.5
, 1601, 1.0, 1.5, 9.5
, 1602, 1.0, 1.0, 8.0
, 1603, 2.0, 8.0
, 1604, 2.0, 2.0, 6.0
, 1605, 1.0, 2.0, 7.0
, 1606, 1.0, 2.5, 8.5
, 1607, 1.0, 3.5, 8.5
, 1608, 2.0, 4.0, 6.0
, 1609, 2.0, 8.0
, 1610, 1.0, 1.0, 8.0
, 1611, 1.0, 5.5, 5.5
, 1612, 1.0, 5.5, 5.5
, 1613, 1.0, 5.5, 5.5
, 1614, 1.0, 5.5, 6.5
, 1615, 1.0, 3.5, 8.5
, 1616, 1.0, 5.5, 5.5
, 1617, 1.0, 5.5, 5.5
, 1618, 1.0, 5.5, 5.5
, 1619, 1.0, 3.5, 8.5
, 1620, 2.0, 4.5, 5.5
, 1621, 1.0, 5.5, 5.5
, 1622, 1.0, 4.0, 8.0
, 1623, 1.0, 2.5, 8.5
, 1624, 1.0, 3.0, 8.0
, 1625, 1.0, 3.0, 8.0
, 1626, 1.0, 5.0, 7.0
, 1627, 1.0, 5.0, 7.0
, 1628, 1.0, 5.0, 7.0
, 1629, 1.0, 5.0, 7.0
, 1630, 1.0, 5.0, 7.0
, 1631, 1.0, 5.0, 7.0
, 1632, 3.0, 2.0, 9.0
, 1633, 1.0, 2.0, 9.0
, 1634, 1.0, 1.5, 9.5
, 1635, 2.5, 0.5, 9.0
, 1636, 1.0, 0.5, 10.5
, 1637, 1.0, 2.0, 9.0
, 1638, 1.0, 1.0, 10.0
, 1639, 2.0, 4.0, 7.0
, 1640, 1.0, 4.0, 8.0
, 1641, 3.0, 3.5, 5.5
, 1642, 3.0, 3.5, 5.5
, 1643, 3.0, 3.5, 5.5
, 1644, 2.0, 4.0, 6.0
, 1645, 2.0, 2.0, 6.0
, 1646, 2.0, 8.0
, 1647, 2.0, 8.0
, 1648, 1.0, 2.5, 8.5
, 1649, 1.0, 0.5, 10.5
, 1650, 1.0, 1.0, 8.0
, 1651, 1.0, 2.0, 7.0
, 1652, 1.0, 1.0, 8.0
, 1653, 2.0, 2.0, 6.0
, 1654, 0.5, 9.5
, 1655, 3.0, 2.0, 5.0
, 1656, 3.0, 3.5, 5.5
, 1657, 2.5, 0.5, 9.0
, 1658, 1.5, 4.5, 4.0
, 1659, 2.5, 0.5, 9.0
, 1660, 3.0, 1.5, 7.5
, 1661, 1.5, 3.5, 7.0
, 1662, 3.0, 2.0, 7.0
, 1663, 1.5, 4.5, 9.0
, 1664, 1.0, 2.0, 9.0
, 1665, 1.5, 8.5
, 1666, 1.0, 5.5, 5.5
, 1667, 1.0, 5.5, 5.5
, 1668, 1.0, 5.5, 5.5
, 1669, 3.0, 3.0, 7.0
, 1670, 3.0, 3.0, 6.0
, 1671, 2.0, 4.0, 6.0
, 1672, 3.0, 3.0, 7.0
, 1673, 3.0, 3.0, 7.0
, 1674, 3.0, 3.5, 6.5
, 1675, 1.5, 4.5, 6.0
, 1676, 3.0, 3.0, 6.0
, 1677, 3.0, 3.0, 6.0
, 1678, 2.0, 4.0, 6.0
, 1679, 1.5, 4.5, 7.0
, 1680, 1.0, 2.5, 9.5
, 1681, 1.0, 5.0, 9.0
, 1682, 1.0, 4.0, 10.0
, 1683, 1.0, 4.0, 10.0
, 1684, 1.0, 4.0, 8.0
, 1685, 1.5, 4.5, 7.0
, 1686, 1.5, 4.5, 7.0
, 1687, 1.0, 2.0, 10.0
, 1688, 1.0, 3.0, 9.0
, 1689, 1.0, 2.5, 9.5
, 1690, 1.0, 2.5, 9.5
, 1691, 1.0, 9.0, 3.0
, 1692, 1.0, 9.0, 3.0
, 1693, 1.0, 9.0, 3.0
, 1694, 1.0, 9.0, 3.0
, 1695, 1.0, 9.0, 3.0
, 1696, 1.0, 2.5, 9.5
, 1697, 1.0, 2.5, 9.5
, 1698, 1.0, 2.5, 9.5
, 1699, 1.5, 2.0, 8.5
, 1700, 3.0, 3.5, 5.5
, 1701, 1.0, 4.0, 8.0
, 1702, 1.0, 2.5, 9.5
, 1703, 1.0, 4.0, 10.0
, 1704, 3.0, 2.0, 9.0
, 1705, 3.0, 1.5, 5.5
, 1706, 3.0, 1.5, 5.5
, 1707, 2.5, 0.5, 9.0
, 1708, 1.5, 3.5, 7.0
, 1709, 3.0, 1.0, 8.0
, 1710, 2.5, 0.5, 9.0
, 1711, 1.0, 5.0, 6.0
, 1712, 1.0, 4.0, 8.0
, 1713, 1.0, 4.0, 10.0
, 1714, 1.0, 4.0, 8.0
, 1715, 1.0, 4.0, 10.0
, 1716, 1.0, 3.0, 9.0
, 1717, 2.5, 0.5, 9.0
, 1718, 1.0, 1.5, 7.5
, 1719, 1.0, 5.0, 7.0
, 1720, 1.0, 8.0, 4.0
, 1721, 1.0, 8.0, 4.0
, 1722, 1.0, 1.0, 10.0
, 1723, 1.0, 4.0, 7.0
, 1724, 1.0, 1.0, 10.0
, 1725, 1.5, 3.5, 7.0
, 1726, 1.0, 4.0, 7.0
, 1727, 1.0, 4.0, 7.0
, 1728, 1.5, 7.5, 3.0
, 1729, 1.0, 5.0, 7.0
, 1730, 1.0, 5.0, 7.0
, 1731, 1.0, 5.0, 7.0
, 1732, 1.0, 4.0, 7.0
, 1733, 1.5, 2.5, 10.0
, 1734, 1.0, 5.0, 9.0
, 1735, 3.0, 4.5, 5.5
, 1736, 1.5, 6.0, 5.5
, 1737, 1.5, 6.0, 5.5
, 1738, 1.5, 3.5, 8.0
, 1739, 2.0, 7.0, 3.0
, 1740, 1.5, 6.0, 5.5
, 1741, 3.0, 2.0, 7.0
, 1742, 3.0, 2.0, 7.0
, 1743, 1.0, 2.0, 12.0
, 1744, 1.0, 2.0, 12.0
, 1745, 1.5, 6.0, 5.5
, 1746, 1.5, 7.5, 4.0
, 1747, 1.5, 4.5, 7.0
, 1748, 1.5, 4.5, 7.0
, 1749, 1.0, 4.0, 8.0
, 1750, 1.0, 4.0, 8.0
, 1751, 1.5, 5.0, 7.5
, 1752, 2.0, 5.5, 6.5
, 1753, 3.0, 2.0, 7.0
, 1754, 3.0, 7.0, 3.0
, 1755, 1.0, 5.0, 9.0
, 1756, 1.0, 1.0, 10.0
, 1757, 1.0, 4.0, 7.0
, 1758, 1.5, 4.5, 7.0
, 1759, 1.0, 5.0, 7.0
, 1760, 1.0, 5.0, 7.0
, 1761, 1.0, 2.0, 10.0
, 1762, 1.0, 3.0, 9.0
, 1763, 1.0, 2.0, 10.0
, 1764, 1.0, 2.0, 10.0
, 1765, 1.0, 5.0, 7.0
, 1766, 1.0, 3.0, 9.0
, 1767, 1.0, 5.0, 7.0
, 1768, 1.0, 5.0, 7.0
, 1769, 1.0, 4.0, 8.0
, 1770, 1.0, 2.0, 10.0
, 1771, 1.0, 2.0, 10.0
, 1772, 1.0, 2.0, 10.0
, 1773, 1.0, 4.0, 8.0
, 1774, 2.0, 1.5, 6.5
, 1775, 1.5, 6.0, 5.5
, 1776, 1.0, 5.0, 9.0
, 1777, 1.0, 5.0, 9.0
, 1778, 3.0, 3.0, 6.0
, 1779, 3.0, 3.0, 7.0
, 1780, 3.0, 3.0, 7.0
, 1781, 3.0, 3.0, 7.0
, 1782, 1.5, 4.5, 6.0
, 1783, 1.5, 5.0, 5.5
, 1784, 3.0, 2.0, 7.0
, 1785, 1.5, 4.5, 6.0
, 1786, 2.0, 1.5, 6.5
, 1787, 1.5, 4.5, 6.0
, 1788, 3.0, 3.0, 7.0
, 1789, 1.0, 2.5, 9.5
, 1790, 1.0, 5.0, 9.0
, 1791, 3.0, 3.0, 7.0
, 1792, 2.0, 4.5, 6.5
, 1793, 1.5, 3.5, 7.0
, 1794, 3.0, 2.0, 7.0
, 1795, 3.0, 2.0, 7.0
, 1796, 1.5, 3.5, 7.0
, 1797, 3.0, 2.0, 7.0
, 1798, 1.5, 3.0, 8.5
, 1799, 1.5, 5.0, 5.5
, 1800, 3.0, 2.0, 9.0
, 1801, 3.0, 2.0, 7.0
, 1802, 2.5, 0.5, 9.0
, 1803, 1.5, 6.0, 4.5
, 1804, 1.0, 2.5, 9.5
, 1805, 1.5, 4.5, 9.0
, 1806, 1.0, 3.0, 9.0
, 1807, 1.0, 3.0, 9.0
, 1808, 1.0, 3.0, 9.0
, 1809, 1.5, 2.5, 8.0
, 1810, 1.0, 3.5, 7.5
, 1811, 1.0, 1.0, 12.0
, 1812, 1.0, 2.5, 9.5
, 1813, 1.0, 3.0, 9.0
, 1814, 1.0, 3.0, 9.0
, 1815, 1.5, 3.5, 8.0
, 1816, 1.0, 2.5, 9.5
, 1817, 1.0, 2.0, 10.0
, 1818, 1.0, 8.0, 4.0
, 1819, 1.0, 8.0, 4.0
, 1820, 1.0, 5.0, 7.0
, 1821, 1.0, 8.0, 4.0
, 1822, 1.0, 8.0, 4.0
, 1823, 1.0, 8.0, 4.0
, 1824, 1.0, 2.0, 10.0
, 1825, 1.0, 2.0, 10.0
, 1826, 1.0, 4.0, 8.0
, 1827, 1.0, 5.0, 7.0
, 1828, 1.0, 2.0, 10.0
, 1829, 1.0, 8.0, 4.0
, 1830, 1.0, 2.0, 10.0
, 1831, 1.0, 3.0, 9.0
, 1832, 1.0, 3.0, 9.0
, 1833, 1.0, 3.0, 9.0
, 1834, 1.0, 3.0, 9.0
, 1835, 1.0, 4.0, 8.0
, 1836, 1.0, 3.0, 8.0
, 1837, 1.0, 5.0, 7.0
, 1838, 1.0, 3.0, 8.0
, 1839, 0.5, 9.5
, 1840, 1.0, 3.0, 9.0
, 1841, 1.0, 3.0, 9.0
, 1842, 1.0, 8.0, 4.0
, 1843, 1.5, 2.5, 9.0
, 1844, 1.5, 2.5, 9.0
, 1845, 1.5, 2.5, 9.0
, 1846, 1.0, 3.0, 9.0
, 1847, 1.0, 8.0, 4.0
, 1848, 1.0, 3.0, 9.0
, 1849, 1.0, 9.0, 3.0
, 1850, 1.0, 3.0, 9.0
, 1851, 3.0, 2.0, 5.0
, 1852, 3.0, 2.0, 5.0
, 1853, 3.0, 2.0, 5.0
, 1854, 3.0, 2.0, 5.0
, 1855, 3.0, 2.0, 5.0
, 1856, 3.0, 2.0, 5.0
, 1857, 3.0, 2.0, 8.0
, 1858, 3.0, 2.0, 5.0
, 1859, 3.0, 2.0, 5.0
, 1860, 2.0, 2.0, 9.0
, 1861, 2.5, 7.5
, 1862, 3.0, 2.0, 5.0
, 1863, 3.0, 2.0, 5.0
, 1864, 2.0, 4.0, 4.0
, 1865, 4.0, 2.0, 4.0
, 1866, 3.0, 3.0, 7.0
, 1867, 4.0, 1.0, 6.0
, 1868, 3.0, 3.0, 6.0
, 1869, 2.0, 4.0, 7.0
, 1870, 3.0, 3.0, 7.0
, 1871, 3.0, 2.0, 8.0
, 1872, 2.0, 3.0, 8.0
, 1873, 2.0, 3.0, 8.0
, 1874, 2.0, 3.0, 8.0
, 1875, 2.0, 3.0, 8.0
, 1876, 2.0, 2.5, 8.5
, 1877, 3.0, 2.0, 5.0
, 1878, 1.5, 3.5, 8.0
, 1879, 2.5, 1.5, 6.0
, 1880, 2.5, 1.5, 6.0
, 1881, 1.0, 2.0, 10.0
, 1882, 1.5, 2.5, 9.0
, 1883, 4.0, 2.0, 7.0
, 1884, 2.5, 1.5, 6.0
, 1885, 2.0, 2.5, 8.5
, 1886, 2.0, 4.0, 7.0
, 1887, 3.0, 1.0, 6.0
, 1888, 2.0, 2.0, 8.0
, 1889, 2.0, 2.0, 8.0
, 1890, 2.0, 2.0, 8.0
, 1891, 2.0, 2.0, 8.0
, 1892, 2.0, 2.0, 8.0
, 1893, 2.0, 2.0, 8.0
, 1894, 2.5, 7.5
, 1895, 2.0, 2.0, 8.0
, 1896, 2.0, 2.0, 8.0
, 1897, 2.0, 1.0, 7.0
, 1898, 2.5, 1.5, 6.0
, 1899, 2.0, 1.0, 10.0
, 1900, 2.0, 1.0, 10.0
, 1901, 3.0, 1.0, 9.0
, 1902, 3.0, 2.0, 8.0
, 1903, 3.0, 1.5, 8.5
, 1904, 2.5, 1.5, 9.0
, 1905, 2.5, 1.5, 9.0
, 1906, 2.5, 1.5, 9.0
, 1907, 2.0, 1.0, 8.0
, 1908, 2.5, 1.5, 9.0
, 1909, 2.5, 7.5
, 1910, 2.5, 7.5
, 1911, 2.5, 1.0, 6.5
, 1912, 2.0, 2.0, 8.0
, 1913, 2.5, 7.5
, 1914, 2.5, 7.5
, 1915, 2.5, 7.5
, 1916, 2.0, 2.0, 8.0
, 1917, 2.0, 1.0, 9.0
, 1918, 2.5, 7.5
, 1919, 3.0, 1.0, 6.0
, 1920, 3.5, 2.5, 6.0
, 1921, 2.0, 8.0
, 1922, 2.0, 8.0
, 1923, 2.0, 8.0
, 1924, 1.0, 9.0
, 1925, 0.5, 0.5, 11.0
, 1926, 1.0, 9.0
, 1927, 1.0, 9.0
, 1928, 2.0, 8.0
, 1929, 0.5, 9.5
, 1930, 2.0, 8.0
, 1931, 1.0, 9.0
, 1932, 1.0, 9.0
, 1933, 0.5, 9.5
, 1934, 0.5, 9.5
, 1935, 1.0, 9.0
, 1936, 0.5, 9.5
, 1937, 2.0, 8.0
, 1938, 1.0, 2.0, 7.0
, 1939, 0.2, 9.8
, 1940, 1.0, 9.0
, 1941, 1.0, 9.0
, 1942, 1.0, 1.5, 7.5
, 1943, 0.5, 9.5
, 1944, 1.0, 9.0
, 1945, 0.2, 9.8
, 1946, 0.5, 2.0, 7.5
, 1947, 0.5, 9.5
, 1948, 1.0, 9.0
, 1949, 0.5, 9.5
, 1950, 1.0, 9.0
, 1951, 1.0, 9.0
, 1952, 0.2, 9.8
, 1953, 0.5, 2.5, 7.0
, 1954, 0.5, 2.5, 7.0
, 1955, 0.5, 2.5, 7.0
, 1956, 1.0, 9.0
, 1957, 0.5, 2.5, 7.0
, 1958, 0.5, 9.5
, 1959, 2.0, 8.0
, 1960, 2.0, 8.0
, 1961, 2.0, 8.0
, 1962, 0.5, 2.0, 7.5
, 1963, 0.5, 9.5
, 1964, 1.0, 9.0
, 1965, 0.5, 9.5
, 1966, 0.5, 9.5
, 1967, 0.5, 9.5
, 1968, 0.5, 9.5
, 1969, 0.2, 9.8
, 1970, 0.5, 9.5
, 1971, 1.0, 9.0
, 1972, 1.0, 9.0
, 1973, 1.0, 9.0
, 1974, 0.2, 9.8
, 1975, 0.2, 9.8
, 1976, 0.2, 9.8
, 1977, 0.2, 9.8
, 1978, 1.0, 9.0
, 1979, 1.0, 9.0
, 1980, 1.0, 9.0
, 1981, 1.0, 1.5, 7.0
, 1982, 1.0, 9.0
, 1983, 0.1, 9.9
, 1984, 0.5, 2.0, 7.5
, 1985, 0.5, 2.0, 7.5
, 1986, 1.0, 9.0
, 1987, 0.5, 2.5, 7.0
, 1988, 0.5, 2.0, 7.5
, 1989, 0.5, 2.5, 7.0
, 1990, 0.5, 2.5, 7.0
, 1991, 0.5, 2.0, 7.5
, 1992, 0.5, 2.0, 7.5
, 1993, 1.0, 1.5, 7.5
, 1994, 1.0, 2.0, 7.0
, 1995, 1.0, 2.0, 7.0
, 1996, 0.5, 2.0, 7.5
, 1997, 0.5, 2.0, 7.5
, 1998, 0.5, 9.5
, 1999, 0.5, 2.0, 7.5
, 2000, 0.5, 2.0, 7.5
, 2001, 1.0, 2.0, 7.0
, 2002, 0.5, 2.0, 7.5
, 2003, 0.2, 2.3, 7.5
, 2004, 1.0, 2.0, 7.0
, 2005, 0.5, 2.0, 7.5
, 2006, 0.5, 2.5, 7.0
, 2007, 2.5, 2.5, 5.0
, 2008, 0.2, 3.8, 6.0
, 2009, 1.0, 5.0, 4.0
, 2010, 0.5, 2.0, 7.5
, 2011, 0.5, 9.5
, 2012, 1.0, 6.5, 5.5
, 2013, 1.0, 2.5, 6.5
, 2014, 3.0, 2.0, 5.0
, 2015, 2.0, 2.0, 8.0
, 2016, 3.0, 2.0, 8.0
, 2017, 0.5, 2.5, 7.0
, 2018, 0.2, 9.8
, 2019, 0.2, 9.8
, 2020, 0.2, 9.8

